{"rabbit_version":"3.13.7","rabbitmq_version":"3.13.7","product_name":"RabbitMQ","product_version":"3.13.7","users":[{"name":"guest","password_hash":"Kv3Um6zhG4CekdNNjHzKX+rVspFozSi2LfPZcYoBJgjbVvtY","hashing_algorithm":"rabbit_password_hashing_sha256","tags":["administrator"],"limits":{}}],"vhosts":[{"name":"/","description":"Default virtual host","tags":[],"metadata":{"description":"Default virtual host","tags":[]}}],"permissions":[{"user":"guest","vhost":"/","configure":".*","write":".*","read":".*"}],"topic_permissions":[],"parameters":[],"global_parameters":[{"name":"internal_cluster_id","value":"rabbitmq-cluster-id-ZYNyTW8cqmKsM5fDvIV-Ug"}],"policies":[],"queues":[{"name":"PedidoQueue","vhost":"/","durable":true,"auto_delete":false,"arguments":{}}],"exchanges":[],"bindings":[]}